,BUCKET_MAX_LOADER,ARROW_CAR,CTS_JIDT_NM,TANK_MAX_LORRY,TOT_SUM,CARGO_MAX_CAR,RMVL,STICK_CAR,COLS_CAR,WT_GB_NM,CTN_MAX_TRUCK,DMPT_MAX_TRUCK,ETC_MAX,PRESSU_COMPR,FER_MAX_CAR,CITY_JIDT_NM
0,0,7,종로구,0,92,0,36,0,14,발생량,0,8,2,25,0,서울
1,0,7,종로구,0,78,0,36,0,0,생활폐기물,0,8,2,25,0,서울
2,0,0,종로구,0,14,0,0,0,14,음식물폐기물,0,0,0,0,0,서울
3,0,23,중구,0,76,5,9,6,2,발생량,0,6,6,19,0,서울
4,0,17,중구,0,58,3,6,0,1,생활폐기물,0,6,6,19,0,서울
5,0,6,중구,0,18,2,3,6,1,음식물폐기물,0,0,0,0,0,서울
6,0,12,용산구,0,116,12,27,6,22,발생량,0,2,14,21,0,서울
7,0,9,용산구,0,101,9,27,1,22,생활폐기물,0,2,14,17,0,서울
8,0,3,용산구,0,15,3,0,5,0,음식물폐기물,0,0,0,4,0,서울
9,0,13,성동구,0,97,16,0,7,19,발생량,0,4,21,17,0,서울
10,0,13,성동구,0,84,16,0,4,18,생활폐기물,0,4,21,8,0,서울
11,0,0,성동구,0,13,0,0,3,1,음식물폐기물,0,0,0,9,0,서울
12,0,4,광진구,0,40,1,2,6,13,발생량,0,5,0,9,0,서울
13,0,4,광진구,0,40,1,2,6,13,생활폐기물,0,5,0,9,0,서울
14,0,0,광진구,0,0,0,0,0,0,음식물폐기물,0,0,0,0,0,서울
15,1,12,동대문구,0,130,38,16,13,0,발생량,0,11,27,12,0,서울
16,1,12,동대문구,0,117,38,16,0,0,생활폐기물,0,11,27,12,0,서울
17,0,0,동대문구,0,13,0,0,13,0,음식물폐기물,0,0,0,0,0,서울
18,1,13,중랑구,0,76,19,0,0,0,발생량,0,14,2,27,0,서울
19,1,13,중랑구,0,63,19,0,0,0,생활폐기물,0,14,2,14,0,서울
20,0,0,중랑구,0,13,0,0,0,0,음식물폐기물,0,0,0,13,0,서울
21,2,13,성북구,0,122,5,48,9,19,발생량,0,23,0,3,0,서울
22,2,10,성북구,0,92,5,30,9,10,생활폐기물,0,23,0,3,0,서울
23,0,3,성북구,0,30,0,18,0,9,음식물폐기물,0,0,0,0,0,서울
24,0,14,강북구,0,90,0,0,6,0,발생량,0,24,36,10,0,서울
25,0,11,강북구,0,70,0,0,0,0,생활폐기물,0,19,31,9,0,서울
26,0,3,강북구,0,20,0,0,6,0,음식물폐기물,0,5,5,1,0,서울
27,0,3,도봉구,0,79,13,13,11,15,발생량,0,13,0,11,0,서울
28,0,3,도봉구,0,66,11,13,0,15,생활폐기물,0,13,0,11,0,서울
29,0,0,도봉구,0,13,2,0,11,0,음식물폐기물,0,0,0,0,0,서울
30,0,38,노원구,0,85,0,0,0,0,발생량,0,18,11,18,0,서울
31,0,19,노원구,0,66,0,0,0,0,생활폐기물,0,18,11,18,0,서울
32,0,19,노원구,0,19,0,0,0,0,음식물폐기물,0,0,0,0,0,서울
33,0,12,은평구,0,115,27,0,1,0,발생량,0,10,23,42,0,서울
34,0,9,은평구,0,101,27,0,1,0,생활폐기물,0,10,23,31,0,서울
35,0,3,은평구,0,14,0,0,0,0,음식물폐기물,0,0,0,11,0,서울
36,0,3,서대문구,0,43,2,24,0,2,발생량,0,6,3,3,0,서울
37,0,3,서대문구,0,41,2,24,0,0,생활폐기물,0,6,3,3,0,서울
38,0,0,서대문구,0,2,0,0,0,2,음식물폐기물,0,0,0,0,0,서울
39,0,4,마포구,0,33,0,0,0,0,발생량,0,5,0,24,0,서울
40,0,4,마포구,0,24,0,0,0,0,생활폐기물,0,5,0,15,0,서울
41,0,0,마포구,0,9,0,0,0,0,음식물폐기물,0,0,0,9,0,서울
42,0,1,양천구,0,92,21,0,0,10,발생량,6,0,1,53,0,서울
43,0,0,양천구,0,58,17,0,0,5,생활폐기물,0,0,1,35,0,서울
44,0,1,양천구,0,34,4,0,0,5,음식물폐기물,6,0,0,18,0,서울
45,0,6,강서구,0,82,25,0,0,0,발생량,0,20,1,30,0,서울
46,0,0,강서구,0,62,25,0,0,0,생활폐기물,0,20,1,16,0,서울
47,0,6,강서구,0,20,0,0,0,0,음식물폐기물,0,0,0,14,0,서울
48,0,13,구로구,0,99,5,0,0,0,발생량,0,9,9,63,0,서울
49,0,13,구로구,0,91,5,0,0,0,생활폐기물,0,9,9,55,0,서울
50,0,0,구로구,0,8,0,0,0,0,음식물폐기물,0,0,0,8,0,서울
51,2,10,금천구,5,73,0,0,0,0,발생량,0,18,12,26,0,서울
52,2,10,금천구,5,65,0,0,0,0,생활폐기물,0,18,12,18,0,서울
53,0,0,금천구,0,8,0,0,0,0,음식물폐기물,0,0,0,8,0,서울
54,0,13,영등포구,0,123,68,0,0,0,발생량,0,0,1,41,0,서울
55,0,13,영등포구,0,99,63,0,0,0,생활폐기물,0,0,1,22,0,서울
56,0,0,영등포구,0,24,5,0,0,0,음식물폐기물,0,0,0,19,0,서울
57,0,8,동작구,0,71,13,0,9,0,발생량,0,0,0,41,0,서울
58,0,6,동작구,0,60,13,0,0,0,생활폐기물,0,0,0,41,0,서울
59,0,2,동작구,0,11,0,0,9,0,음식물폐기물,0,0,0,0,0,서울
60,1,10,관악구,0,102,3,0,3,7,발생량,0,37,0,41,0,서울
61,1,10,관악구,0,84,3,0,3,0,생활폐기물,0,37,0,30,0,서울
62,0,0,관악구,0,18,0,0,0,7,음식물폐기물,0,0,0,11,0,서울
63,0,14,서초구,1,101,18,0,4,17,발생량,0,0,3,44,0,서울
64,0,13,서초구,0,69,14,0,4,17,생활폐기물,0,0,3,18,0,서울
65,0,1,서초구,1,32,4,0,0,0,음식물폐기물,0,0,0,26,0,서울
66,0,0,강남구,0,81,13,0,0,0,발생량,0,0,8,60,0,서울
67,0,0,강남구,0,56,10,0,0,0,생활폐기물,0,0,8,38,0,서울
68,0,0,강남구,0,25,3,0,0,0,음식물폐기물,0,0,0,22,0,서울
69,0,17,송파구,0,134,37,0,0,0,발생량,0,0,29,51,0,서울
70,0,17,송파구,0,110,37,0,0,0,생활폐기물,0,0,29,27,0,서울
71,0,0,송파구,0,24,0,0,0,0,음식물폐기물,0,0,0,24,0,서울
72,2,10,강동구,0,74,14,0,0,12,발생량,0,8,0,28,0,서울
73,0,10,강동구,0,59,14,0,0,12,생활폐기물,0,8,0,15,0,서울
74,2,0,강동구,0,15,0,0,0,0,음식물폐기물,0,0,0,13,0,서울
75,0,8,중구,0,32,1,11,0,4,발생량,0,0,2,6,0,부산
76,0,8,중구,0,28,1,11,0,0,생활폐기물,0,0,2,6,0,부산
77,0,0,중구,0,4,0,0,0,4,음식물폐기물,0,0,0,0,0,부산
78,0,2,서구,0,34,10,0,10,0,발생량,0,0,2,10,0,부산
79,0,2,서구,0,29,10,0,10,0,생활폐기물,0,0,2,5,0,부산
80,0,0,서구,0,5,0,0,0,0,음식물폐기물,0,0,0,5,0,부산
81,0,2,동구,0,50,0,0,17,3,발생량,0,0,18,10,0,부산
82,0,2,동구,0,44,0,0,14,0,생활폐기물,0,0,18,10,0,부산
83,0,0,동구,0,6,0,0,3,3,음식물폐기물,0,0,0,0,0,부산
84,0,3,영도구,0,16,7,0,1,0,발생량,0,0,3,2,0,부산
85,0,3,영도구,0,16,7,0,1,0,생활폐기물,0,0,3,2,0,부산
86,0,0,영도구,0,0,0,0,0,0,음식물폐기물,0,0,0,0,0,부산
87,0,14,부산진구,0,99,0,0,0,15,발생량,0,0,42,28,0,부산
88,0,14,부산진구,0,89,0,0,0,5,생활폐기물,0,0,42,28,0,부산
89,0,0,부산진구,0,10,0,0,0,10,음식물폐기물,0,0,0,0,0,부산
90,0,6,동래구,0,60,2,15,12,5,발생량,0,1,2,17,0,부산
91,0,6,동래구,0,52,2,15,12,1,생활폐기물,0,1,2,13,0,부산
92,0,0,동래구,0,8,0,0,0,4,음식물폐기물,0,0,0,4,0,부산
93,0,3,남구,0,87,4,44,0,10,발생량,0,0,5,21,0,부산
94,0,3,남구,0,77,4,44,0,0,생활폐기물,0,0,5,21,0,부산
95,0,0,남구,0,10,0,0,0,10,음식물폐기물,0,0,0,0,0,부산
96,0,5,북구,0,115,7,14,3,11,발생량,0,3,42,30,0,부산
97,0,5,북구,0,101,7,4,3,11,생활폐기물,0,3,42,26,0,부산
98,0,0,북구,0,14,0,10,0,0,음식물폐기물,0,0,0,4,0,부산
99,0,7,해운대구,0,114,3,33,4,16,발생량,0,0,21,30,0,부산
100,0,7,해운대구,0,100,3,33,4,2,생활폐기물,0,0,21,30,0,부산
101,0,0,해운대구,0,14,0,0,0,14,음식물폐기물,0,0,0,0,0,부산
102,0,17,사하구,0,105,23,0,1,0,발생량,0,18,11,35,0,부산
103,0,17,사하구,0,95,23,0,1,0,생활폐기물,0,18,11,25,0,부산
104,0,0,사하구,0,10,0,0,0,0,음식물폐기물,0,0,0,10,0,부산
105,0,5,금정구,0,84,39,0,2,14,발생량,0,9,3,12,0,부산
106,0,5,금정구,0,72,39,0,2,2,생활폐기물,0,9,3,12,0,부산
107,0,0,금정구,0,12,0,0,0,12,음식물폐기물,0,0,0,0,0,부산
108,0,0,강서구,0,46,1,7,1,2,발생량,0,0,22,13,0,부산
109,0,0,강서구,0,39,1,0,1,2,생활폐기물,0,0,22,13,0,부산
110,0,0,강서구,0,7,0,7,0,0,음식물폐기물,0,0,0,0,0,부산
111,0,4,연제구,0,55,0,0,24,10,발생량,0,0,0,17,0,부산
112,0,4,연제구,0,48,0,0,24,10,생활폐기물,0,0,0,10,0,부산
113,0,0,연제구,0,7,0,0,0,0,음식물폐기물,0,0,0,7,0,부산
114,0,3,수영구,0,78,46,0,11,4,발생량,0,0,5,9,0,부산
115,0,3,수영구,0,50,26,0,3,4,생활폐기물,0,0,5,9,0,부산
116,0,0,수영구,0,28,20,0,8,0,음식물폐기물,0,0,0,0,0,부산
117,0,5,사상구,14,77,40,0,0,9,발생량,0,0,0,9,0,부산
118,0,5,사상구,4,67,40,0,0,9,생활폐기물,0,0,0,9,0,부산
119,0,0,사상구,10,10,0,0,0,0,음식물폐기물,0,0,0,0,0,부산
120,0,2,기장군,0,32,2,5,4,1,발생량,0,0,0,18,0,부산
121,0,2,기장군,0,27,2,5,4,1,생활폐기물,0,0,0,13,0,부산
122,0,0,기장군,0,5,0,0,0,0,음식물폐기물,0,0,0,5,0,부산
123,0,1,중구,0,34,0,0,0,17,발생량,0,0,16,0,0,대구
124,0,1,중구,0,27,0,0,0,11,생활폐기물,0,0,15,0,0,대구
125,0,0,중구,0,7,0,0,0,6,음식물폐기물,0,0,1,0,0,대구
126,0,2,동구,0,81,0,0,18,18,발생량,0,0,15,28,0,대구
127,0,2,동구,0,62,0,0,0,18,생활폐기물,0,0,14,28,0,대구
128,0,0,동구,0,19,0,0,18,0,음식물폐기물,0,0,1,0,0,대구
129,0,1,서구,0,54,0,0,9,0,발생량,0,1,29,14,0,대구
130,0,1,서구,0,41,0,0,0,0,생활폐기물,0,1,25,14,0,대구
131,0,0,서구,0,13,0,0,9,0,음식물폐기물,0,0,4,0,0,대구
132,0,1,남구,0,56,0,0,6,0,발생량,0,0,43,6,0,대구
133,0,1,남구,0,37,0,0,0,0,생활폐기물,0,0,30,6,0,대구
134,0,0,남구,0,19,0,0,6,0,음식물폐기물,0,0,13,0,0,대구
135,0,1,북구,0,83,0,0,14,6,발생량,0,0,33,29,0,대구
136,0,1,북구,0,59,0,0,2,3,생활폐기물,0,0,29,24,0,대구
137,0,0,북구,0,24,0,0,12,3,음식물폐기물,0,0,4,5,0,대구
138,0,5,수성구,0,54,0,11,15,0,발생량,0,0,1,22,0,대구
139,0,5,수성구,0,37,0,8,1,0,생활폐기물,0,0,1,22,0,대구
140,0,0,수성구,0,17,0,3,14,0,음식물폐기물,0,0,0,0,0,대구
141,0,1,달서구,18,69,0,0,0,15,발생량,0,0,1,34,0,대구
142,0,1,달서구,0,35,0,0,0,0,생활폐기물,0,0,0,34,0,대구
143,0,0,달서구,18,34,0,0,0,15,음식물폐기물,0,0,1,0,0,대구
144,0,3,달성군,0,42,17,0,3,6,발생량,0,0,7,6,0,대구
145,0,3,달성군,0,36,17,0,3,0,생활폐기물,0,0,7,6,0,대구
146,0,0,달성군,0,6,0,0,0,6,음식물폐기물,0,0,0,0,0,대구
147,0,6,군위군,0,11,0,0,1,1,발생량,1,1,0,1,0,대구
148,0,6,군위군,0,9,0,0,1,0,생활폐기물,1,0,0,1,0,대구
149,0,0,군위군,0,2,0,0,0,1,음식물폐기물,0,1,0,0,0,대구
150,2,5,중구,0,37,6,2,0,10,발생량,0,0,0,12,0,인천
151,2,5,중구,0,28,3,2,0,4,생활폐기물,0,0,0,12,0,인천
152,0,0,중구,0,9,3,0,0,6,음식물폐기물,0,0,0,0,0,인천
153,2,2,동구,0,26,0,0,0,6,발생량,0,0,10,6,0,인천
154,2,2,동구,0,18,0,0,0,0,생활폐기물,0,0,8,6,0,인천
155,0,0,동구,0,8,0,0,0,6,음식물폐기물,0,0,2,0,0,인천
156,0,6,미추홀구,10,63,9,5,1,0,발생량,0,1,6,25,0,인천
157,0,6,미추홀구,0,46,8,5,0,0,생활폐기물,0,1,5,21,0,인천
158,0,0,미추홀구,10,17,1,0,1,0,음식물폐기물,0,0,1,4,0,인천
159,0,5,연수구,0,59,8,0,7,12,발생량,0,2,9,16,0,인천
160,0,5,연수구,0,43,5,0,1,8,생활폐기물,0,2,9,13,0,인천
161,0,0,연수구,0,16,3,0,6,4,음식물폐기물,0,0,0,3,0,인천
162,0,5,남동구,0,48,0,0,0,12,발생량,0,0,3,28,0,인천
163,0,5,남동구,0,29,0,0,0,0,생활폐기물,0,0,3,21,0,인천
164,0,0,남동구,0,19,0,0,0,12,음식물폐기물,0,0,0,7,0,인천
165,3,13,부평구,0,98,8,0,1,13,발생량,0,0,28,32,0,인천
166,3,13,부평구,0,72,6,0,1,0,생활폐기물,0,0,23,26,0,인천
167,0,0,부평구,0,26,2,0,0,13,음식물폐기물,0,0,5,6,0,인천
168,0,9,계양구,0,58,0,0,0,0,발생량,0,0,11,38,0,인천
169,0,9,계양구,0,45,0,0,0,0,생활폐기물,0,0,9,27,0,인천
170,0,0,계양구,0,13,0,0,0,0,음식물폐기물,0,0,2,11,0,인천
171,3,4,서구,0,70,4,6,3,3,발생량,0,0,22,25,0,인천
172,3,4,서구,0,59,4,6,1,0,생활폐기물,0,0,22,19,0,인천
173,0,0,서구,0,11,0,0,2,3,음식물폐기물,0,0,0,6,0,인천
174,0,2,강화군,0,25,0,0,0,1,발생량,0,17,0,5,0,인천
175,0,2,강화군,0,24,0,0,0,0,생활폐기물,0,17,0,5,0,인천
176,0,0,강화군,0,1,0,0,0,1,음식물폐기물,0,0,0,0,0,인천
177,0,16,옹진군,0,20,0,0,3,0,발생량,0,1,0,0,0,인천
178,0,16,옹진군,0,17,0,0,0,0,생활폐기물,0,1,0,0,0,인천
179,0,0,옹진군,0,3,0,0,3,0,음식물폐기물,0,0,0,0,0,인천
180,0,2,동구,7,25,0,0,0,0,발생량,0,0,7,9,0,광주
181,0,2,동구,0,18,0,0,0,0,생활폐기물,0,0,7,9,0,광주
182,0,0,동구,7,7,0,0,0,0,음식물폐기물,0,0,0,0,0,광주
183,0,0,서구,14,45,5,0,0,0,발생량,0,4,5,17,0,광주
184,0,0,서구,0,31,5,0,0,0,생활폐기물,0,4,5,17,0,광주
185,0,0,서구,14,14,0,0,0,0,음식물폐기물,0,0,0,0,0,광주
186,0,0,남구,13,40,0,0,0,0,발생량,0,5,7,15,0,광주
187,0,0,남구,0,27,0,0,0,0,생활폐기물,0,5,7,15,0,광주
188,0,0,남구,13,13,0,0,0,0,음식물폐기물,0,0,0,0,0,광주
189,0,0,북구,20,64,0,0,0,0,발생량,0,0,15,29,0,광주
190,0,0,북구,0,44,0,0,0,0,생활폐기물,0,0,15,29,0,광주
191,0,0,북구,20,20,0,0,0,0,음식물폐기물,0,0,0,0,0,광주
192,0,2,광산구,0,70,5,0,1,28,발생량,0,0,12,22,0,광주
193,0,2,광산구,0,53,5,0,1,11,생활폐기물,0,0,12,22,0,광주
194,0,0,광산구,0,17,0,0,0,17,음식물폐기물,0,0,0,0,0,광주
195,0,0,동구,0,74,2,30,0,13,발생량,0,0,5,24,0,대전
196,0,0,동구,0,55,2,18,0,13,생활폐기물,0,0,4,18,0,대전
197,0,0,동구,0,19,0,12,0,0,음식물폐기물,0,0,1,6,0,대전
198,0,0,중구,0,34,12,0,1,8,발생량,0,0,0,13,0,대전
199,0,0,중구,0,26,12,0,1,0,생활폐기물,0,0,0,13,0,대전
200,0,0,중구,0,8,0,0,0,8,음식물폐기물,0,0,0,0,0,대전
201,0,0,서구,0,77,0,40,0,11,발생량,0,0,7,19,0,대전
202,0,0,서구,0,64,0,40,0,0,생활폐기물,0,0,5,19,0,대전
203,0,0,서구,0,13,0,0,0,11,음식물폐기물,0,0,2,0,0,대전
204,0,0,유성구,0,62,1,26,1,0,발생량,0,0,8,26,0,대전
205,0,0,유성구,0,42,1,16,1,0,생활폐기물,0,0,8,16,0,대전
206,0,0,유성구,0,20,0,10,0,0,음식물폐기물,0,0,0,10,0,대전
207,0,1,대덕구,0,47,0,2,2,7,발생량,0,0,25,10,0,대전
208,0,1,대덕구,0,27,0,2,2,0,생활폐기물,0,0,12,10,0,대전
209,0,0,대덕구,0,20,0,0,0,7,음식물폐기물,0,0,13,0,0,대전
210,0,5,중구,0,85,24,0,2,18,발생량,0,1,3,32,0,울산
211,0,5,중구,0,65,14,0,2,8,생활폐기물,0,1,3,32,0,울산
212,0,0,중구,0,20,10,0,0,10,음식물폐기물,0,0,0,0,0,울산
213,0,8,남구,0,106,7,0,1,25,발생량,0,0,27,38,0,울산
214,0,8,남구,0,82,4,0,1,8,생활폐기물,0,0,23,38,0,울산
215,0,0,남구,0,24,3,0,0,17,음식물폐기물,0,0,4,0,0,울산
216,0,6,동구,0,64,4,0,3,9,발생량,0,0,22,20,0,울산
217,0,6,동구,0,46,4,0,3,0,생활폐기물,0,0,13,20,0,울산
218,0,0,동구,0,18,0,0,0,9,음식물폐기물,0,0,9,0,0,울산
219,0,1,북구,0,64,17,0,3,5,발생량,0,0,5,33,0,울산
220,0,1,북구,0,54,17,0,3,5,생활폐기물,0,0,5,23,0,울산
221,0,0,북구,0,10,0,0,0,0,음식물폐기물,0,0,0,10,0,울산
222,0,9,울주군,4,95,29,4,4,26,발생량,0,5,0,14,0,울산
223,0,9,울주군,0,72,28,0,4,12,생활폐기물,0,5,0,14,0,울산
224,0,0,울주군,4,23,1,4,0,14,음식물폐기물,0,0,0,0,0,울산
225,2,13,세종특별자치시,0,91,40,13,0,0,발생량,0,3,0,20,0,세종
226,2,13,세종특별자치시,0,81,40,3,0,0,생활폐기물,0,3,0,20,0,세종
227,0,0,세종특별자치시,0,10,0,10,0,0,음식물폐기물,0,0,0,0,0,세종
228,0,0,수원시,0,229,0,0,0,94,발생량,0,0,21,114,0,경기
229,0,0,수원시,0,184,0,0,0,94,생활폐기물,0,0,21,69,0,경기
230,0,0,수원시,0,45,0,0,0,0,음식물폐기물,0,0,0,45,0,경기
231,4,1,성남시,0,308,8,0,33,4,발생량,0,0,178,80,0,경기
232,4,1,성남시,0,278,8,0,33,4,생활폐기물,0,0,168,60,0,경기
233,0,0,성남시,0,30,0,0,0,0,음식물폐기물,0,0,10,20,0,경기
234,0,4,의정부시,0,88,18,0,1,9,발생량,0,17,0,39,0,경기
235,0,4,의정부시,0,69,18,0,1,7,생활폐기물,0,17,0,22,0,경기
236,0,0,의정부시,0,19,0,0,0,2,음식물폐기물,0,0,0,17,0,경기
237,0,6,안양시,0,78,0,26,22,0,발생량,0,0,0,24,0,경기
238,0,6,안양시,0,56,0,26,0,0,생활폐기물,0,0,0,24,0,경기
239,0,0,안양시,0,22,0,0,22,0,음식물폐기물,0,0,0,0,0,경기
240,0,2,부천시,0,5,0,0,0,0,발생량,0,0,3,0,0,경기
241,0,2,부천시,0,5,0,0,0,0,생활폐기물,0,0,3,0,0,경기
242,0,0,부천시,0,0,0,0,0,0,음식물폐기물,0,0,0,0,0,경기
243,0,14,광명시,0,95,17,0,3,0,발생량,0,11,0,50,0,경기
244,0,14,광명시,0,81,17,0,3,0,생활폐기물,0,11,0,36,0,경기
245,0,0,광명시,0,14,0,0,0,0,음식물폐기물,0,0,0,14,0,경기
246,0,15,평택시,0,126,49,0,18,0,발생량,0,0,17,27,0,경기
247,0,15,평택시,0,104,49,0,0,0,생활폐기물,0,0,13,27,0,경기
248,0,0,평택시,0,22,0,0,18,0,음식물폐기물,0,0,4,0,0,경기
249,0,1,동두천시,0,31,3,0,5,8,발생량,0,4,1,9,0,경기
250,0,1,동두천시,0,24,3,0,3,3,생활폐기물,0,4,1,9,0,경기
251,0,0,동두천시,0,7,0,0,2,5,음식물폐기물,0,0,0,0,0,경기
252,0,6,안산시,0,128,19,0,7,7,발생량,0,5,3,81,0,경기
253,0,6,안산시,0,114,19,0,7,0,생활폐기물,0,5,3,74,0,경기
254,0,0,안산시,0,14,0,0,0,7,음식물폐기물,0,0,0,7,0,경기
255,0,17,고양시,0,160,12,0,9,36,발생량,0,0,10,76,0,경기
256,0,17,고양시,0,124,12,0,9,36,생활폐기물,0,0,10,40,0,경기
257,0,0,고양시,0,36,0,0,0,0,음식물폐기물,0,0,0,36,0,경기
258,0,12,과천시,0,58,0,0,1,0,발생량,0,0,19,26,0,경기
259,0,12,과천시,0,52,0,0,1,0,생활폐기물,0,0,19,20,0,경기
260,0,0,과천시,0,6,0,0,0,0,음식물폐기물,0,0,0,6,0,경기
261,0,3,구리시,0,38,5,0,0,2,발생량,0,3,6,19,0,경기
262,0,2,구리시,0,28,5,0,0,0,생활폐기물,0,3,6,12,0,경기
263,0,1,구리시,0,10,0,0,0,2,음식물폐기물,0,0,0,7,0,경기
264,0,24,남양주시,0,92,13,0,0,16,발생량,0,3,5,31,0,경기
265,0,24,남양주시,0,76,13,0,0,0,생활폐기물,0,3,5,31,0,경기
266,0,0,남양주시,0,16,0,0,0,16,음식물폐기물,0,0,0,0,0,경기
267,0,5,오산시,0,56,11,0,7,2,발생량,0,1,8,22,0,경기
268,0,5,오산시,0,49,11,0,0,2,생활폐기물,0,1,8,22,0,경기
269,0,0,오산시,0,7,0,0,7,0,음식물폐기물,0,0,0,0,0,경기
270,0,18,시흥시,0,123,10,0,9,0,발생량,0,15,22,49,0,경기
271,0,18,시흥시,0,102,10,0,9,0,생활폐기물,0,15,22,28,0,경기
272,0,0,시흥시,0,21,0,0,0,0,음식물폐기물,0,0,0,21,0,경기
273,0,0,군포시,0,2,1,0,0,0,발생량,0,1,0,0,0,경기
274,0,0,군포시,0,2,1,0,0,0,생활폐기물,0,1,0,0,0,경기
275,0,0,군포시,0,0,0,0,0,0,음식물폐기물,0,0,0,0,0,경기
276,0,4,의왕시,0,46,14,0,3,10,발생량,0,0,5,10,0,경기
277,0,4,의왕시,0,36,14,0,3,0,생활폐기물,0,0,5,10,0,경기
278,0,0,의왕시,0,10,0,0,0,10,음식물폐기물,0,0,0,0,0,경기
279,1,6,하남시,0,53,0,10,2,8,발생량,0,4,11,11,0,경기
280,1,6,하남시,0,42,0,4,2,3,생활폐기물,0,4,11,11,0,경기
281,0,0,하남시,0,11,0,6,0,5,음식물폐기물,0,0,0,0,0,경기
282,0,18,용인시,0,176,0,2,1,126,발생량,0,0,1,28,0,경기
283,0,18,용인시,0,148,0,2,1,126,생활폐기물,0,0,1,0,0,경기
284,0,0,용인시,0,28,0,0,0,0,음식물폐기물,0,0,0,28,0,경기
285,0,26,파주시,0,171,38,0,4,79,발생량,0,0,8,16,0,경기
286,0,26,파주시,0,157,38,0,4,65,생활폐기물,0,0,8,16,0,경기
287,0,0,파주시,0,14,0,0,0,14,음식물폐기물,0,0,0,0,0,경기
288,0,0,이천시,0,56,0,11,1,18,발생량,0,0,2,17,7,경기
289,0,0,이천시,0,39,0,4,0,18,생활폐기물,0,0,0,17,0,경기
290,0,0,이천시,0,17,0,7,1,0,음식물폐기물,0,0,2,0,7,경기
291,0,0,안성시,16,54,0,0,5,13,발생량,0,0,2,18,0,경기
292,0,0,안성시,16,46,0,0,5,5,생활폐기물,0,0,2,18,0,경기
293,0,0,안성시,0,8,0,0,0,8,음식물폐기물,0,0,0,0,0,경기
294,0,4,김포시,0,56,5,0,1,14,발생량,0,0,5,27,0,경기
295,0,4,김포시,0,42,5,0,1,11,생활폐기물,0,0,5,16,0,경기
296,0,0,김포시,0,14,0,0,0,3,음식물폐기물,0,0,0,11,0,경기
297,0,7,화성시,0,200,105,0,2,26,발생량,1,0,28,31,0,경기
298,0,7,화성시,0,174,105,0,2,0,생활폐기물,1,0,28,31,0,경기
299,0,0,화성시,0,26,0,0,0,26,음식물폐기물,0,0,0,0,0,경기
300,0,0,광주시,0,66,0,0,0,24,발생량,0,1,7,34,0,경기
301,0,0,광주시,0,47,0,0,0,24,생활폐기물,0,1,6,16,0,경기
302,0,0,광주시,0,19,0,0,0,0,음식물폐기물,0,0,1,18,0,경기
303,0,1,양주시,0,55,25,0,4,0,발생량,0,0,0,25,0,경기
304,0,1,양주시,0,45,25,0,0,0,생활폐기물,0,0,0,19,0,경기
305,0,0,양주시,0,10,0,0,4,0,음식물폐기물,0,0,0,6,0,경기
306,0,0,포천시,0,32,11,0,0,6,발생량,0,0,1,14,0,경기
307,0,0,포천시,0,28,11,0,0,6,생활폐기물,0,0,1,10,0,경기
308,0,0,포천시,0,4,0,0,0,0,음식물폐기물,0,0,0,4,0,경기
309,0,13,여주시,0,53,11,0,0,6,발생량,0,7,3,13,0,경기
310,0,13,여주시,0,47,11,0,0,0,생활폐기물,0,7,3,13,0,경기
311,0,0,여주시,0,6,0,0,0,6,음식물폐기물,0,0,0,0,0,경기
312,0,5,연천군,0,28,4,0,1,2,발생량,0,3,0,13,0,경기
313,0,5,연천군,0,25,4,0,1,2,생활폐기물,0,3,0,10,0,경기
314,0,0,연천군,0,3,0,0,0,0,음식물폐기물,0,0,0,3,0,경기
315,0,0,가평군,0,36,1,0,0,25,발생량,0,1,2,7,0,경기
316,0,0,가평군,0,30,1,0,0,19,생활폐기물,0,1,2,7,0,경기
317,0,0,가평군,0,6,0,0,0,6,음식물폐기물,0,0,0,0,0,경기
318,0,17,양평군,0,67,0,0,0,13,발생량,0,0,22,15,0,경기
319,0,17,양평군,0,54,0,0,0,0,생활폐기물,0,0,22,15,0,경기
320,0,0,양평군,0,13,0,0,0,13,음식물폐기물,0,0,0,0,0,경기
321,0,1,청주시,0,167,35,35,2,46,발생량,0,21,0,27,0,충북
322,0,1,청주시,0,127,31,0,1,46,생활폐기물,0,21,0,27,0,충북
323,0,0,청주시,0,40,4,35,1,0,음식물폐기물,0,0,0,0,0,충북
324,0,0,충주시,0,51,7,0,0,15,발생량,0,12,1,16,0,충북
325,0,0,충주시,0,41,7,0,0,5,생활폐기물,0,12,1,16,0,충북
326,0,0,충주시,0,10,0,0,0,10,음식물폐기물,0,0,0,0,0,충북
327,0,0,제천시,0,46,10,0,0,3,발생량,0,2,4,27,0,충북
328,0,0,제천시,0,43,10,0,0,0,생활폐기물,0,2,4,27,0,충북
329,0,0,제천시,0,3,0,0,0,3,음식물폐기물,0,0,0,0,0,충북
330,0,0,보은군,0,12,3,0,0,4,발생량,0,0,0,5,0,충북
331,0,0,보은군,0,12,3,0,0,4,생활폐기물,0,0,0,5,0,충북
332,0,0,보은군,0,0,0,0,0,0,음식물폐기물,0,0,0,0,0,충북
333,0,0,옥천군,0,14,0,0,0,3,발생량,0,3,0,8,0,충북
334,0,0,옥천군,0,14,0,0,0,3,생활폐기물,0,3,0,8,0,충북
335,0,0,옥천군,0,0,0,0,0,0,음식물폐기물,0,0,0,0,0,충북
336,0,11,영동군,0,28,14,0,0,0,발생량,0,0,0,3,0,충북
337,0,11,영동군,0,28,14,0,0,0,생활폐기물,0,0,0,3,0,충북
338,0,0,영동군,0,0,0,0,0,0,음식물폐기물,0,0,0,0,0,충북
339,0,1,증평군,0,9,0,0,0,3,발생량,0,0,0,5,0,충북
340,0,1,증평군,0,8,0,0,0,2,생활폐기물,0,0,0,5,0,충북
341,0,0,증평군,0,1,0,0,0,1,음식물폐기물,0,0,0,0,0,충북
342,0,2,진천군,0,31,12,0,1,0,발생량,0,0,0,16,0,충북
343,0,2,진천군,0,25,12,0,0,0,생활폐기물,0,0,0,11,0,충북
344,0,0,진천군,0,6,0,0,1,0,음식물폐기물,0,0,0,5,0,충북
345,0,11,괴산군,0,21,3,0,0,1,발생량,0,0,0,6,0,충북
346,0,11,괴산군,0,20,3,0,0,0,생활폐기물,0,0,0,6,0,충북
347,0,0,괴산군,0,1,0,0,0,1,음식물폐기물,0,0,0,0,0,충북
348,0,0,음성군,0,38,10,0,1,0,발생량,0,0,11,16,0,충북
349,0,0,음성군,0,34,10,0,1,0,생활폐기물,0,0,11,12,0,충북
350,0,0,음성군,0,4,0,0,0,0,음식물폐기물,0,0,0,4,0,충북
351,0,6,단양군,0,16,1,2,0,0,발생량,0,0,0,7,0,충북
352,0,6,단양군,0,14,1,0,0,0,생활폐기물,0,0,0,7,0,충북
353,0,0,단양군,0,2,0,2,0,0,음식물폐기물,0,0,0,0,0,충북
354,1,3,천안시,6,95,7,20,4,8,발생량,0,2,4,40,0,충남
355,0,2,천안시,3,66,7,0,4,8,생활폐기물,0,1,1,40,0,충남
356,1,1,천안시,3,29,0,20,0,0,음식물폐기물,0,1,3,0,0,충남
357,0,4,공주시,0,35,1,1,0,0,발생량,0,1,14,14,0,충남
358,0,4,공주시,0,34,1,0,0,0,생활폐기물,0,1,14,14,0,충남
359,0,0,공주시,0,1,0,1,0,0,음식물폐기물,0,0,0,0,0,충남
360,0,1,보령시,0,25,0,0,1,8,발생량,0,2,2,11,0,충남
361,0,1,보령시,0,21,0,0,1,4,생활폐기물,0,2,2,11,0,충남
362,0,0,보령시,0,4,0,0,0,4,음식물폐기물,0,0,0,0,0,충남
363,0,1,아산시,0,53,1,0,3,13,발생량,0,2,11,22,0,충남
364,0,1,아산시,0,39,1,0,3,1,생활폐기물,0,2,9,22,0,충남
365,0,0,아산시,0,14,0,0,0,12,음식물폐기물,0,0,2,0,0,충남
366,0,14,서산시,1,48,3,0,0,5,발생량,0,2,10,13,0,충남
367,0,12,서산시,1,38,3,0,0,3,생활폐기물,0,2,4,13,0,충남
368,0,2,서산시,0,10,0,0,0,2,음식물폐기물,0,0,6,0,0,충남
369,0,14,논산시,0,34,0,0,3,0,발생량,0,0,0,17,0,충남
370,0,14,논산시,0,31,0,0,0,0,생활폐기물,0,0,0,17,0,충남
371,0,0,논산시,0,3,0,0,3,0,음식물폐기물,0,0,0,0,0,충남
372,0,1,계룡시,2,10,1,0,1,0,발생량,0,0,1,4,0,충남
373,0,1,계룡시,0,8,1,0,1,0,생활폐기물,0,0,1,4,0,충남
374,0,0,계룡시,2,2,0,0,0,0,음식물폐기물,0,0,0,0,0,충남
375,0,9,당진시,0,33,1,0,0,4,발생량,0,0,1,18,0,충남
376,0,9,당진시,0,29,1,0,0,0,생활폐기물,0,0,1,18,0,충남
377,0,0,당진시,0,4,0,0,0,4,음식물폐기물,0,0,0,0,0,충남
378,0,3,금산군,0,16,0,0,0,0,발생량,0,1,0,12,0,충남
379,0,3,금산군,0,16,0,0,0,0,생활폐기물,0,1,0,12,0,충남
380,0,0,금산군,0,0,0,0,0,0,음식물폐기물,0,0,0,0,0,충남
381,0,3,부여군,1,19,1,0,0,0,발생량,0,6,0,8,0,충남
382,0,3,부여군,1,19,1,0,0,0,생활폐기물,0,6,0,8,0,충남
383,0,0,부여군,0,0,0,0,0,0,음식물폐기물,0,0,0,0,0,충남
384,0,0,서천군,0,21,0,0,1,14,발생량,0,0,0,6,0,충남
385,0,0,서천군,0,21,0,0,1,14,생활폐기물,0,0,0,6,0,충남
386,0,0,서천군,0,0,0,0,0,0,음식물폐기물,0,0,0,0,0,충남
387,0,0,청양군,4,21,1,0,4,0,발생량,0,6,0,6,0,충남
388,0,0,청양군,0,12,1,0,0,0,생활폐기물,0,6,0,5,0,충남
389,0,0,청양군,4,9,0,0,4,0,음식물폐기물,0,0,0,1,0,충남
390,0,0,홍성군,0,20,0,0,4,11,발생량,0,0,0,5,0,충남
391,0,0,홍성군,0,16,0,0,0,11,생활폐기물,0,0,0,5,0,충남
392,0,0,홍성군,0,4,0,0,4,0,음식물폐기물,0,0,0,0,0,충남
393,0,2,예산군,0,21,1,0,1,3,발생량,0,2,2,10,0,충남
394,0,2,예산군,0,18,1,0,1,0,생활폐기물,0,2,2,10,0,충남
395,0,0,예산군,0,3,0,0,0,3,음식물폐기물,0,0,0,0,0,충남
396,0,12,태안군,0,32,0,0,0,9,발생량,0,0,2,9,0,충남
397,0,12,태안군,0,23,0,0,0,0,생활폐기물,0,0,2,9,0,충남
398,0,0,태안군,0,9,0,0,0,9,음식물폐기물,0,0,0,0,0,충남
399,0,12,전주시,32,227,46,0,4,31,발생량,0,7,44,51,0,전북
400,0,12,전주시,4,161,46,0,4,31,생활폐기물,0,7,6,51,0,전북
401,0,0,전주시,28,66,0,0,0,0,음식물폐기물,0,0,38,0,0,전북
402,2,9,군산시,1,94,0,24,0,12,발생량,0,2,11,33,0,전북
403,1,9,군산시,0,62,0,7,0,0,생활폐기물,0,1,11,33,0,전북
404,1,0,군산시,1,32,0,17,0,12,음식물폐기물,0,1,0,0,0,전북
405,1,18,익산시,0,80,2,0,4,23,발생량,0,7,16,9,0,전북
406,1,16,익산시,0,55,1,0,4,10,생활폐기물,0,7,8,8,0,전북
407,0,2,익산시,0,25,1,0,0,13,음식물폐기물,0,0,8,1,0,전북
408,0,3,정읍시,0,26,4,2,1,4,발생량,0,6,2,4,0,전북
409,0,3,정읍시,0,20,4,0,1,0,생활폐기물,0,6,2,4,0,전북
410,0,0,정읍시,0,6,0,2,0,4,음식물폐기물,0,0,0,0,0,전북
411,0,0,남원시,0,26,7,0,0,0,발생량,0,2,9,8,0,전북
412,0,0,남원시,0,19,4,0,0,0,생활폐기물,0,2,5,8,0,전북
413,0,0,남원시,0,7,3,0,0,0,음식물폐기물,0,0,4,0,0,전북
414,0,2,김제시,0,30,5,0,6,0,발생량,0,1,7,9,0,전북
415,0,2,김제시,0,22,5,0,0,0,생활폐기물,0,1,5,9,0,전북
416,0,0,김제시,0,8,0,0,6,0,음식물폐기물,0,0,2,0,0,전북
417,0,10,완주군,0,28,1,0,2,5,발생량,0,0,4,6,0,전북
418,0,10,완주군,0,21,0,0,2,0,생활폐기물,0,0,3,6,0,전북
419,0,0,완주군,0,7,1,0,0,5,음식물폐기물,0,0,1,0,0,전북
420,0,11,진안군,0,13,0,0,0,0,발생량,0,0,0,2,0,전북
421,0,11,진안군,0,13,0,0,0,0,생활폐기물,0,0,0,2,0,전북
422,0,0,진안군,0,0,0,0,0,0,음식물폐기물,0,0,0,0,0,전북
423,0,5,무주군,0,12,0,0,0,0,발생량,0,1,2,4,0,전북
424,0,5,무주군,0,12,0,0,0,0,생활폐기물,0,1,2,4,0,전북
425,0,0,무주군,0,0,0,0,0,0,음식물폐기물,0,0,0,0,0,전북
426,0,1,장수군,0,17,0,0,1,0,발생량,0,3,4,8,0,전북
427,0,1,장수군,0,17,0,0,1,0,생활폐기물,0,3,4,8,0,전북
428,0,0,장수군,0,0,0,0,0,0,음식물폐기물,0,0,0,0,0,전북
429,0,0,임실군,0,18,3,0,3,4,발생량,0,0,3,5,0,전북
430,0,0,임실군,0,15,3,0,1,3,생활폐기물,0,0,3,5,0,전북
431,0,0,임실군,0,3,0,0,2,1,음식물폐기물,0,0,0,0,0,전북
432,0,2,순창군,0,13,0,0,1,0,발생량,0,3,1,6,0,전북
433,0,2,순창군,0,11,0,0,0,0,생활폐기물,0,3,0,6,0,전북
434,0,0,순창군,0,2,0,0,1,0,음식물폐기물,0,0,1,0,0,전북
435,0,17,고창군,0,26,0,3,0,0,발생량,0,0,3,3,0,전북
436,0,17,고창군,0,21,0,0,0,0,생활폐기물,0,0,1,3,0,전북
437,0,0,고창군,0,5,0,3,0,0,음식물폐기물,0,0,2,0,0,전북
438,3,4,부안군,0,25,0,0,3,0,발생량,0,6,4,5,0,전북
439,2,4,부안군,0,21,0,0,0,0,생활폐기물,0,6,4,5,0,전북
440,1,0,부안군,0,4,0,0,3,0,음식물폐기물,0,0,0,0,0,전북
441,0,9,목포시,0,38,0,0,10,0,발생량,0,0,0,19,0,전남
442,0,9,목포시,0,28,0,0,0,0,생활폐기물,0,0,0,19,0,전남
443,0,0,목포시,0,10,0,0,10,0,음식물폐기물,0,0,0,0,0,전남
444,0,2,여수시,0,59,0,0,14,0,발생량,0,7,9,27,0,전남
445,0,2,여수시,0,45,0,0,0,0,생활폐기물,0,7,9,27,0,전남
446,0,0,여수시,0,14,0,0,14,0,음식물폐기물,0,0,0,0,0,전남
447,0,0,순천시,1,58,0,0,11,12,발생량,0,7,0,27,0,전남
448,0,0,순천시,1,46,0,0,11,0,생활폐기물,0,7,0,27,0,전남
449,0,0,순천시,0,12,0,0,0,12,음식물폐기물,0,0,0,0,0,전남
450,0,1,나주시,0,36,0,0,1,4,발생량,0,9,7,14,0,전남
451,0,1,나주시,0,32,0,0,1,0,생활폐기물,0,9,7,14,0,전남
452,0,0,나주시,0,4,0,0,0,4,음식물폐기물,0,0,0,0,0,전남
453,0,0,광양시,7,24,0,0,0,6,발생량,0,0,1,10,0,전남
454,0,0,광양시,0,16,0,0,0,6,생활폐기물,0,0,0,10,0,전남
455,0,0,광양시,7,8,0,0,0,0,음식물폐기물,0,0,1,0,0,전남
456,0,2,담양군,0,19,0,3,0,0,발생량,0,0,8,6,0,전남
457,0,2,담양군,0,16,0,0,0,0,생활폐기물,0,0,8,6,0,전남
458,0,0,담양군,0,3,0,3,0,0,음식물폐기물,0,0,0,0,0,전남
459,0,0,곡성군,0,14,0,0,1,11,발생량,0,0,1,1,0,전남
460,0,0,곡성군,0,12,0,0,1,9,생활폐기물,0,0,1,1,0,전남
461,0,0,곡성군,0,2,0,0,0,2,음식물폐기물,0,0,0,0,0,전남
462,0,6,구례군,0,7,0,0,0,0,발생량,0,0,0,1,0,전남
463,0,6,구례군,0,7,0,0,0,0,생활폐기물,0,0,0,1,0,전남
464,0,0,구례군,0,0,0,0,0,0,음식물폐기물,0,0,0,0,0,전남
465,0,5,고흥군,0,39,0,0,0,2,발생량,0,23,4,5,0,전남
466,0,5,고흥군,0,37,0,0,0,0,생활폐기물,0,23,4,5,0,전남
467,0,0,고흥군,0,2,0,0,0,2,음식물폐기물,0,0,0,0,0,전남
468,1,0,보성군,0,17,0,0,1,2,발생량,0,12,1,0,0,전남
469,1,0,보성군,0,15,0,0,1,0,생활폐기물,0,12,1,0,0,전남
470,0,0,보성군,0,2,0,0,0,2,음식물폐기물,0,0,0,0,0,전남
471,0,1,화순군,2,19,0,0,1,0,발생량,0,11,0,4,0,전남
472,0,1,화순군,2,17,0,0,1,0,생활폐기물,0,11,0,2,0,전남
473,0,0,화순군,0,2,0,0,0,0,음식물폐기물,0,0,0,2,0,전남
474,0,0,장흥군,0,19,16,0,0,0,발생량,0,0,1,1,1,전남
475,0,0,장흥군,0,18,16,0,0,0,생활폐기물,0,0,1,1,0,전남
476,0,0,장흥군,0,1,0,0,0,0,음식물폐기물,0,0,0,0,1,전남
477,0,0,강진군,0,12,0,0,2,0,발생량,0,6,3,1,0,전남
478,0,0,강진군,0,10,0,0,0,0,생활폐기물,0,6,3,1,0,전남
479,0,0,강진군,0,2,0,0,2,0,음식물폐기물,0,0,0,0,0,전남
480,0,0,해남군,0,33,0,0,3,0,발생량,0,23,6,1,0,전남
481,0,0,해남군,0,28,0,0,0,0,생활폐기물,0,23,4,1,0,전남
482,0,0,해남군,0,5,0,0,3,0,음식물폐기물,0,0,2,0,0,전남
483,0,3,영암군,1,19,0,0,1,11,발생량,0,0,0,3,0,전남
484,0,3,영암군,1,15,0,0,1,7,생활폐기물,0,0,0,3,0,전남
485,0,0,영암군,0,4,0,0,0,4,음식물폐기물,0,0,0,0,0,전남
486,0,13,무안군,0,25,0,0,0,3,발생량,0,0,5,4,0,전남
487,0,13,무안군,0,22,0,0,0,0,생활폐기물,0,0,5,4,0,전남
488,0,0,무안군,0,3,0,0,0,3,음식물폐기물,0,0,0,0,0,전남
489,0,5,함평군,0,12,0,0,1,2,발생량,0,0,1,3,0,전남
490,0,5,함평군,0,10,0,0,1,0,생활폐기물,0,0,1,3,0,전남
491,0,0,함평군,0,2,0,0,0,2,음식물폐기물,0,0,0,0,0,전남
492,0,3,영광군,1,19,0,1,2,0,발생량,0,0,1,11,0,전남
493,0,3,영광군,1,17,0,1,0,0,생활폐기물,0,0,1,11,0,전남
494,0,0,영광군,0,2,0,0,2,0,음식물폐기물,0,0,0,0,0,전남
495,0,0,장성군,0,17,0,2,1,2,발생량,0,5,4,3,0,전남
496,0,0,장성군,0,17,0,2,1,2,생활폐기물,0,5,4,3,0,전남
497,0,0,장성군,0,0,0,0,0,0,음식물폐기물,0,0,0,0,0,전남
498,0,0,완도군,0,18,0,0,2,0,발생량,0,13,0,3,0,전남
499,0,0,완도군,0,16,0,0,0,0,생활폐기물,0,13,0,3,0,전남
500,0,0,완도군,0,2,0,0,2,0,음식물폐기물,0,0,0,0,0,전남
501,0,1,진도군,0,10,0,0,0,9,발생량,0,0,0,0,0,전남
502,0,1,진도군,0,10,0,0,0,9,생활폐기물,0,0,0,0,0,전남
503,0,0,진도군,0,0,0,0,0,0,음식물폐기물,0,0,0,0,0,전남
504,0,15,신안군,0,22,0,0,2,0,발생량,0,5,0,0,0,전남
505,0,15,신안군,0,22,0,0,2,0,생활폐기물,0,5,0,0,0,전남
506,0,0,신안군,0,0,0,0,0,0,음식물폐기물,0,0,0,0,0,전남
507,0,4,포항시,9,76,0,0,0,14,발생량,0,11,9,29,0,경북
508,0,3,포항시,0,50,0,0,0,0,생활폐기물,0,11,7,29,0,경북
509,0,1,포항시,9,26,0,0,0,14,음식물폐기물,0,0,2,0,0,경북
510,0,3,경주시,0,80,0,0,0,32,발생량,0,7,7,31,0,경북
511,0,3,경주시,0,66,0,0,0,18,생활폐기물,0,7,7,31,0,경북
512,0,0,경주시,0,14,0,0,0,14,음식물폐기물,0,0,0,0,0,경북
513,0,6,김천시,0,35,2,0,2,3,발생량,0,6,2,14,0,경북
514,0,6,김천시,0,30,0,0,2,0,생활폐기물,0,6,2,14,0,경북
515,0,0,김천시,0,5,2,0,0,3,음식물폐기물,0,0,0,0,0,경북
516,1,4,안동시,2,44,0,0,3,16,발생량,0,0,2,16,0,경북
517,1,4,안동시,2,37,0,0,3,9,생활폐기물,0,0,2,16,0,경북
518,0,0,안동시,0,7,0,0,0,7,음식물폐기물,0,0,0,0,0,경북
519,0,0,구미시,0,89,5,0,0,37,발생량,0,0,22,25,0,경북
520,0,0,구미시,0,75,0,0,0,28,생활폐기물,0,0,22,25,0,경북
521,0,0,구미시,0,14,5,0,0,9,음식물폐기물,0,0,0,0,0,경북
522,1,1,영주시,1,38,1,0,9,9,발생량,0,0,0,16,0,경북
523,1,1,영주시,1,34,1,0,9,5,생활폐기물,0,0,0,16,0,경북
524,0,0,영주시,0,4,0,0,0,4,음식물폐기물,0,0,0,0,0,경북
525,0,1,영천시,0,23,5,2,0,0,발생량,0,1,2,12,0,경북
526,0,1,영천시,0,15,5,0,0,0,생활폐기물,0,1,1,7,0,경북
527,0,0,영천시,0,8,0,2,0,0,음식물폐기물,0,0,1,5,0,경북
528,0,4,상주시,0,40,0,0,6,1,발생량,0,20,1,8,0,경북
529,0,4,상주시,0,34,0,0,0,1,생활폐기물,0,20,1,8,0,경북
530,0,0,상주시,0,6,0,0,6,0,음식물폐기물,0,0,0,0,0,경북
531,0,2,문경시,0,29,0,0,5,6,발생량,0,10,0,6,0,경북
532,0,2,문경시,0,18,0,0,0,0,생활폐기물,0,10,0,6,0,경북
533,0,0,문경시,0,11,0,0,5,6,음식물폐기물,0,0,0,0,0,경북
534,0,0,경산시,0,47,0,0,0,31,발생량,0,0,0,16,0,경북
535,0,0,경산시,0,33,0,0,0,17,생활폐기물,0,0,0,16,0,경북
536,0,0,경산시,0,14,0,0,0,14,음식물폐기물,0,0,0,0,0,경북
537,0,1,의성군,0,21,3,2,0,12,발생량,0,0,0,3,0,경북
538,0,1,의성군,0,19,3,0,0,12,생활폐기물,0,0,0,3,0,경북
539,0,0,의성군,0,2,0,2,0,0,음식물폐기물,0,0,0,0,0,경북
540,0,2,청송군,0,10,0,0,0,8,발생량,0,0,0,0,0,경북
541,0,2,청송군,0,10,0,0,0,8,생활폐기물,0,0,0,0,0,경북
542,0,0,청송군,0,0,0,0,0,0,음식물폐기물,0,0,0,0,0,경북
543,0,2,영양군,0,8,0,0,0,0,발생량,0,1,1,4,0,경북
544,0,2,영양군,0,8,0,0,0,0,생활폐기물,0,1,1,4,0,경북
545,0,0,영양군,0,0,0,0,0,0,음식물폐기물,0,0,0,0,0,경북
546,0,0,영덕군,3,16,0,0,0,0,발생량,0,3,0,10,0,경북
547,0,0,영덕군,0,13,0,0,0,0,생활폐기물,0,3,0,10,0,경북
548,0,0,영덕군,3,3,0,0,0,0,음식물폐기물,0,0,0,0,0,경북
549,0,0,청도군,1,19,1,0,0,13,발생량,0,1,0,3,0,경북
550,0,0,청도군,0,16,1,0,0,11,생활폐기물,0,1,0,3,0,경북
551,0,0,청도군,1,3,0,0,0,2,음식물폐기물,0,0,0,0,0,경북
552,0,0,고령군,0,11,2,0,1,0,발생량,0,4,0,4,0,경북
553,0,0,고령군,0,10,2,0,0,0,생활폐기물,0,4,0,4,0,경북
554,0,0,고령군,0,1,0,0,1,0,음식물폐기물,0,0,0,0,0,경북
555,0,1,성주군,0,11,1,0,0,3,발생량,0,2,4,0,0,경북
556,0,1,성주군,0,10,1,0,0,2,생활폐기물,0,2,4,0,0,경북
557,0,0,성주군,0,1,0,0,0,1,음식물폐기물,0,0,0,0,0,경북
558,0,1,칠곡군,0,26,3,0,0,4,발생량,0,0,1,17,0,경북
559,0,1,칠곡군,0,24,3,0,0,4,생활폐기물,0,0,1,15,0,경북
560,0,0,칠곡군,0,2,0,0,0,0,음식물폐기물,0,0,0,2,0,경북
561,0,2,예천군,0,26,1,0,1,18,발생량,0,0,0,4,0,경북
562,0,2,예천군,0,24,1,0,1,16,생활폐기물,0,0,0,4,0,경북
563,0,0,예천군,0,2,0,0,0,2,음식물폐기물,0,0,0,0,0,경북
564,0,1,봉화군,0,19,6,0,0,3,발생량,0,0,0,9,0,경북
565,0,1,봉화군,0,19,6,0,0,3,생활폐기물,0,0,0,9,0,경북
566,0,0,봉화군,0,0,0,0,0,0,음식물폐기물,0,0,0,0,0,경북
567,0,2,울진군,1,19,1,0,0,4,발생량,0,0,2,9,0,경북
568,0,2,울진군,1,13,0,0,0,0,생활폐기물,0,0,2,8,0,경북
569,0,0,울진군,0,6,1,0,0,4,음식물폐기물,0,0,0,1,0,경북
570,0,0,울릉군,0,9,0,0,0,2,발생량,0,7,0,0,0,경북
571,0,0,울릉군,0,7,0,0,0,0,생활폐기물,0,7,0,0,0,경북
572,0,0,울릉군,0,2,0,0,0,2,음식물폐기물,0,0,0,0,0,경북
573,0,5,창원시,0,298,74,2,17,11,발생량,0,45,29,115,0,경남
574,0,5,창원시,0,222,47,0,14,9,생활폐기물,0,30,28,89,0,경남
575,0,0,창원시,0,76,27,2,3,2,음식물폐기물,0,15,1,26,0,경남
576,0,1,진주시,12,104,1,0,0,54,발생량,0,2,3,31,0,경남
577,0,1,진주시,0,79,1,0,0,43,생활폐기물,0,2,3,29,0,경남
578,0,0,진주시,12,25,0,0,0,11,음식물폐기물,0,0,0,2,0,경남
579,2,9,통영시,0,38,9,0,1,5,발생량,0,3,3,6,0,경남
580,2,9,통영시,0,33,9,0,1,0,생활폐기물,0,3,3,6,0,경남
581,0,0,통영시,0,5,0,0,0,5,음식물폐기물,0,0,0,0,0,경남
582,0,0,사천시,0,29,0,0,6,8,발생량,0,0,0,15,0,경남
583,0,0,사천시,0,25,0,0,2,8,생활폐기물,0,0,0,15,0,경남
584,0,0,사천시,0,4,0,0,4,0,음식물폐기물,0,0,0,0,0,경남
585,0,10,김해시,0,139,43,0,4,0,발생량,0,4,17,61,0,경남
586,0,10,김해시,0,103,43,0,0,0,생활폐기물,0,4,17,29,0,경남
587,0,0,김해시,0,36,0,0,4,0,음식물폐기물,0,0,0,32,0,경남
588,0,4,밀양시,1,33,0,0,3,10,발생량,0,1,5,9,0,경남
589,0,4,밀양시,1,27,0,0,0,10,생활폐기물,0,1,2,9,0,경남
590,0,0,밀양시,0,6,0,0,3,0,음식물폐기물,0,0,3,0,0,경남
591,0,45,거제시,0,118,9,29,0,17,발생량,0,1,7,10,0,경남
592,0,45,거제시,0,96,4,29,0,0,생활폐기물,0,1,7,10,0,경남
593,0,0,거제시,0,22,5,0,0,17,음식물폐기물,0,0,0,0,0,경남
594,0,8,양산시,6,80,26,0,0,14,발생량,0,7,0,19,0,경남
595,0,8,양산시,0,58,10,0,0,14,생활폐기물,0,7,0,19,0,경남
596,0,0,양산시,6,22,16,0,0,0,음식물폐기물,0,0,0,0,0,경남
597,0,1,의령군,1,10,1,0,1,0,발생량,0,1,1,4,0,경남
598,0,1,의령군,1,9,1,0,1,0,생활폐기물,0,1,1,3,0,경남
599,0,0,의령군,0,1,0,0,0,0,음식물폐기물,0,0,0,1,0,경남
600,0,1,함안군,0,19,4,0,1,4,발생량,0,0,1,8,0,경남
601,0,1,함안군,0,17,4,0,1,3,생활폐기물,0,0,1,7,0,경남
602,0,0,함안군,0,2,0,0,0,1,음식물폐기물,0,0,0,1,0,경남
603,0,2,창녕군,0,28,4,0,0,4,발생량,0,0,10,8,0,경남
604,0,2,창녕군,0,21,4,0,0,0,생활폐기물,0,0,8,7,0,경남
605,0,0,창녕군,0,7,0,0,0,4,음식물폐기물,0,0,2,1,0,경남
606,0,1,고성군,0,16,1,6,2,0,발생량,0,0,0,6,0,경남
607,0,1,고성군,0,14,1,6,2,0,생활폐기물,0,0,0,4,0,경남
608,0,0,고성군,0,2,0,0,0,0,음식물폐기물,0,0,0,2,0,경남
609,1,3,남해군,0,24,0,0,3,3,발생량,0,1,4,9,0,경남
610,1,3,남해군,0,18,0,0,0,0,생활폐기물,0,1,4,9,0,경남
611,0,0,남해군,0,6,0,0,3,3,음식물폐기물,0,0,0,0,0,경남
612,0,0,하동군,1,18,0,0,0,1,발생량,0,5,2,9,0,경남
613,0,0,하동군,0,16,0,0,0,1,생활폐기물,0,5,1,9,0,경남
614,0,0,하동군,1,2,0,0,0,0,음식물폐기물,0,0,1,0,0,경남
615,0,1,산청군,0,12,2,2,0,0,발생량,0,0,0,7,0,경남
616,0,1,산청군,0,8,2,0,0,0,생활폐기물,0,0,0,5,0,경남
617,0,0,산청군,0,4,0,2,0,0,음식물폐기물,0,0,0,2,0,경남
618,0,1,함양군,0,12,1,0,3,0,발생량,0,1,0,6,0,경남
619,0,1,함양군,0,10,1,0,1,0,생활폐기물,0,1,0,6,0,경남
620,0,0,함양군,0,2,0,0,2,0,음식물폐기물,0,0,0,0,0,경남
621,0,2,거창군,0,38,8,0,0,0,발생량,0,2,13,13,0,경남
622,0,2,거창군,0,29,8,0,0,0,생활폐기물,0,2,7,10,0,경남
623,0,0,거창군,0,9,0,0,0,0,음식물폐기물,0,0,6,3,0,경남
624,0,1,합천군,0,26,1,0,3,0,발생량,0,18,0,3,0,경남
625,0,1,합천군,0,24,1,0,1,0,생활폐기물,0,18,0,3,0,경남
626,0,0,합천군,0,2,0,0,2,0,음식물폐기물,0,0,0,0,0,경남
627,0,1,제주시,0,179,0,0,26,0,발생량,0,0,74,78,0,제주
628,0,1,제주시,0,154,0,0,1,0,생활폐기물,0,0,74,78,0,제주
629,0,0,제주시,0,25,0,0,25,0,음식물폐기물,0,0,0,0,0,제주
630,0,1,서귀포시,0,77,0,0,10,0,발생량,0,12,30,24,0,제주
631,0,1,서귀포시,0,67,0,0,0,0,생활폐기물,0,12,30,24,0,제주
632,0,0,서귀포시,0,10,0,0,10,0,음식물폐기물,0,0,0,0,0,제주
633,0,1,춘천시,6,74,11,8,0,24,발생량,0,0,0,24,0,강원
634,0,1,춘천시,0,60,11,0,0,24,생활폐기물,0,0,0,24,0,강원
635,0,0,춘천시,6,14,0,8,0,0,음식물폐기물,0,0,0,0,0,강원
636,0,0,원주시,0,78,0,0,0,18,발생량,0,0,14,46,0,강원
637,0,0,원주시,0,60,0,0,0,0,생활폐기물,0,0,14,46,0,강원
638,0,0,원주시,0,18,0,0,0,18,음식물폐기물,0,0,0,0,0,강원
639,0,19,강릉시,0,116,0,5,7,46,발생량,0,0,22,17,0,강원
640,0,19,강릉시,0,109,0,0,7,44,생활폐기물,0,0,22,17,0,강원
641,0,0,강릉시,0,7,0,5,0,2,음식물폐기물,0,0,0,0,0,강원
642,0,6,동해시,0,36,3,2,5,0,발생량,0,1,4,15,0,강원
643,0,6,동해시,0,29,3,0,1,0,생활폐기물,0,1,4,14,0,강원
644,0,0,동해시,0,7,0,2,4,0,음식물폐기물,0,0,0,1,0,강원
645,0,1,태백시,0,16,6,0,0,3,발생량,0,0,0,6,0,강원
646,0,1,태백시,0,9,2,0,0,0,생활폐기물,0,0,0,6,0,강원
647,0,0,태백시,0,7,4,0,0,3,음식물폐기물,0,0,0,0,0,강원
648,0,6,속초시,0,26,2,0,0,0,발생량,0,4,2,12,0,강원
649,0,6,속초시,0,23,2,0,0,0,생활폐기물,0,4,2,9,0,강원
650,0,0,속초시,0,3,0,0,0,0,음식물폐기물,0,0,0,3,0,강원
651,0,0,삼척시,4,21,0,0,0,0,발생량,0,5,1,11,0,강원
652,0,0,삼척시,0,17,0,0,0,0,생활폐기물,0,5,1,11,0,강원
653,0,0,삼척시,4,4,0,0,0,0,음식물폐기물,0,0,0,0,0,강원
654,0,6,홍천군,0,21,0,0,0,0,발생량,0,0,2,13,0,강원
655,0,6,홍천군,0,18,0,0,0,0,생활폐기물,0,0,2,10,0,강원
656,0,0,홍천군,0,3,0,0,0,0,음식물폐기물,0,0,0,3,0,강원
657,0,6,횡성군,0,23,4,0,1,3,발생량,0,1,0,8,0,강원
658,0,6,횡성군,0,18,2,0,1,0,생활폐기물,0,1,0,8,0,강원
659,0,0,횡성군,0,5,2,0,0,3,음식물폐기물,0,0,0,0,0,강원
660,0,4,영월군,0,27,0,0,0,3,발생량,0,0,9,11,0,강원
661,0,4,영월군,0,24,0,0,0,0,생활폐기물,0,0,9,11,0,강원
662,0,0,영월군,0,3,0,0,0,3,음식물폐기물,0,0,0,0,0,강원
663,0,1,평창군,0,15,0,0,0,0,발생량,0,3,1,10,0,강원
664,0,1,평창군,0,15,0,0,0,0,생활폐기물,0,3,1,10,0,강원
665,0,0,평창군,0,0,0,0,0,0,음식물폐기물,0,0,0,0,0,강원
666,0,0,정선군,0,21,1,0,0,0,발생량,0,5,1,14,0,강원
667,0,0,정선군,0,17,0,0,0,0,생활폐기물,0,4,0,13,0,강원
668,0,0,정선군,0,4,1,0,0,0,음식물폐기물,0,1,1,1,0,강원
669,0,2,철원군,0,13,0,0,0,2,발생량,0,0,0,9,0,강원
670,0,2,철원군,0,12,0,0,0,2,생활폐기물,0,0,0,8,0,강원
671,0,0,철원군,0,1,0,0,0,0,음식물폐기물,0,0,0,1,0,강원
672,0,2,화천군,0,11,0,0,0,2,발생량,0,0,0,7,0,강원
673,0,2,화천군,0,10,0,0,0,2,생활폐기물,0,0,0,6,0,강원
674,0,0,화천군,0,1,0,0,0,0,음식물폐기물,0,0,0,1,0,강원
675,1,1,양구군,0,21,0,0,0,1,발생량,0,0,12,6,0,강원
676,1,1,양구군,0,21,0,0,0,1,생활폐기물,0,0,12,6,0,강원
677,0,0,양구군,0,0,0,0,0,0,음식물폐기물,0,0,0,0,0,강원
678,1,2,인제군,0,22,0,0,1,1,발생량,0,1,10,6,0,강원
679,1,2,인제군,0,21,0,0,1,0,생활폐기물,0,1,10,6,0,강원
680,0,0,인제군,0,1,0,0,0,1,음식물폐기물,0,0,0,0,0,강원
681,0,1,고성군,0,29,1,0,2,0,발생량,0,6,10,9,0,강원
682,0,1,고성군,0,27,1,0,0,0,생활폐기물,0,6,10,9,0,강원
683,0,0,고성군,0,2,0,0,2,0,음식물폐기물,0,0,0,0,0,강원
684,0,1,양양군,0,18,0,0,1,8,발생량,0,0,0,8,0,강원
685,0,1,양양군,0,17,0,0,1,7,생활폐기물,0,0,0,8,0,강원
686,0,0,양양군,0,1,0,0,0,1,음식물폐기물,0,0,0,0,0,강원
